{"cameraMode":{"drawMode":0,"name":"Shaded","section":"Shading Mode"},"sceneLighting":true,"audioPlay":false,"sceneViewState":{"m_AlwaysRefresh":false,"showFog":true,"showSkybox":true,"showFlares":true,"showImageEffects":true,"showParticleSystems":true,"showVisualEffectGraphs":true,"m_FxEnabled":true},"in2DMode":false,"pivot":{"x":240.30056762695313,"y":249.49685668945313,"z":13.323104858398438},"rotation":{"x":-0.0647527426481247,"y":-0.018862124532461168,"z":0.00122433016076684,"w":-0.9977238178253174},"size":274.3305358886719,"orthographic":false}